"x","y"
131386.0762,270100.412
126553.424145241,271703.958251385
169266.112617625,270972.782977824
213419.656920547,270071.991890033
238248.0300779,265740.602101598
226544.553263883,263907.367471919
117762.237366479,252474.64124659
125218.520511757,240784.340008887
258024.302344488,239197.53111984
267741.094912389,235046.538155187
133700.29713014,227356.454055884
205181.596358943,219847.418656105
226648.337681688,215100.789025362
195227.725619575,268336.304423231
208778,268276
237716.392445444,259730.815562207
216704.186528308,251412.017708487
253760.368358458,244743.950185803
133073.428676655,228671.322623728
227214.537073674,267690.166944641
188685.544320431,266942.957584339
243047.388973887,264130.075118173
212867.91869304999,254656.536923565
200619.541225652,253532.320740878
244591.526462599,248027.261077021
241624,245534
152487.52166164,225820.466007857
186466.762069551,267717.509583049
229026.693480254,262007.239158768
254854,245855
266329.902149264,226882.024910597
235077.004928775,216681.099114921
188685.544320431,266942.957584339
164411.918688743,271648.448043821
228708.078834992,265294.19727081
225738.86143022,262189.64174958
122110.724431282,256319.19822946
218228.205061233,255946.011829932
140437.950187864,255894.309869872
250530.141098222,248812.404069334
268375.80441441,237490.519974536
236138.005381381,236917.819214604
122007.558007149,262258.750998432
128256.079331175,262042.260531688
140811.005110051,259660.642757266
140811.005110051,259660.642757266
258266.96251728,256811.829539897
198683.627827161,256416.174174407
237370.141548228,217583.455625189
119209.304942544,216295.489884377
235776.208959821,216245.59565296
150909.584442117,268972.606959462
164840.159943738,250527.908755229
134967.004906908,272054.860695636
134967.004906908,272054.860695636
202452.198051053,272000.457353541
124752.650174003,271243.61528852
216271.069881665,270281.393705565
261617.84624893,265748.812418452
164215.026851567,264568.931873249
221083.885066347,263531.689377926
228502.596988286,257821.853157633
194946.076485651,246828.39599241
234007.825801982,240387.811898499
241645.46035597,236105.792837863
123414.524435894,229768.469777991
266284.605539813,228496.462868937
237127.815923305,225780.778914821
201266.685889979,219863.578150607
120352.337153766,216386.333656328
213986.567983147,214433.279981439
167647.709461963,269466.05646197
214359.697481214,269327.303298534
243047.388973887,264130.075118173
229386.62242076,259491.236004668
218517.632993398,256594.869732064
125469.80298403,250935.937382513
125469.80298403,250935.937382513
239951.311508339,246965.048226334
263900.877030707,242786.329275597
258437.349046259,218819.611439981
238631.656170138,215939.854497686
233809.999080362,213682.917083069
227127.452592714,259411.594400321
265286.465853357,240673.679490085
265089.9237815,235100.12676213
246787.701145594,253858.110453217
219864.606043604,249608.390316967
306060.746126338,235709.304543187
193999.885379443,231507.292921651
239988.084467915,263138.80529516
139874.626062746,259528.435602396
113533.703732685,258755.066966307
215191.827624839,251865.26608480501
245869.31569466,246718.577711604
204035.861076691,245675.16269638
126034.058148897,240737.937369123
126062.546676235,240414.59342346
216995.656368836,234322.591223507
227440.253116958,227831.767701969
128272.372004705,266831.106524466
123973.73726539,265466.81362711
228708.078834992,265294.19727081
228625.776917251,264036.631534975
160445.051878563,259498.183401896
225848.123973603,258359.815948563
140139.342982272,256819.305660636
282318,255388
199832.813816106,253801.702167597
267301.261967987,240347.553876278
240821.84723644,239466.31090251
223095.621730616,222124.81650068
151209.303303907,270769.497821115
225025.830946799,263917.798306522
263608.746776121,260704.997966921
324407.346756108,254025.327695047
242018.043763268,245161.536788817
183669.3053,241143.7718
126198.95096691,240385.999165353
125162.358658358,236015.700588178
217913.428605538,234070.281644375
132963.593996796,219567.584435434
118818.986970349,216755.740845223
203174.608614817,214155.347341081
229377.503368794,262242.905673396
217455.301728581,269845.044094248
238185.229488529,268223.548327987
198137.459224769,265091.565132277
258066.218806053,261655.219022038
232305.820853635,260899.696200607
321599.38752165,252935.912903446
321599.38752165,252935.912903446
114742.078739485,252881.264555731
208119.457534282,251939.8475012
229966.508415916,233492.295064839
205505.704594384,226735.344379675
224872.622864913,225944.724812212
168408.285665887,224649.814804782
240562.95337587,217317.92685794
241787.956029814,216090.634466776
128272.372004705,266831.106524466
238755,263549
246775.354896923,261576.768257277
193380.172801226,260511.5422536
269615,258898
213945.790388453,254283.29863934
242804.132039803,246142.310376774
241519.874628183,243017.536490082
124874.433130611,240454.563119407
267886.272022945,234898.661532205
136756.925091227,228557.429373016
129828.539371979,273266.159764218
237879.29493885,269025.341890158
226876.11388762,266804.391672686
265346.817119921,237807.643867525
262737.924773161,233080.038285646
279356.052766949,247838.211394185
183652.588097431,237802.911005337
119483.597787901,216244.851060152
280148.447980465,256654.477049013
128662.586967808,272508.257480136
232075.622903788,267500.423035579
228582.877282226,263603.287100293
233591.256622112,258788.986915175
233861.019343484,237951.40855318
233813.888435177,217298.839835374
159155.404246018,272739.263944956
213962.152536864,270302.896304483
227847.15509667,261829.051216324
270642.081092543,259061.763186783
243682.927900303,258067.752139988
123603.161505404,255307.756496053
214566.650813018,247759.558125773
131506.516878789,236780.28157402
130791.899464944,235557.451524421
231644.402911178,232160.177836386
206870,221744
242690.505176223,216922.090433531
119563.7499587,216646.852970471
119257.256696317,216140.397469746
134460.44396615,274775.922451421
139961.730745437,273339.690480923
137708.650672669,270407.183664202
230381.382629719,260792.055777912
140026.138980815,256907.944539794
216538.01578709,256460.93097886
250093.16385116,248289.11428698
284355.086947883,244664.808133241
264100.164869741,243559.941507826
259777.105625088,237858.921903884
264197.099274615,235129.93875704
228114.277984916,231030.223659123
239749.710014318,215694.201812691
169755,270968
227658.337108035,266769.018614901
225986.347399349,259273.202161674
283313.985824132,249733.771977875
232928.723515866,243967.265664043
246039.832608222,243821.982233011
240045.298298097,243760.081353756
193539.222487326,234192.394875042
192792.626413945,226903.905500936
147167.209697446,226150.728970119
183981.160123639,219230.750042583
121015.740045863,217095.76935345
125739.964271897,273126.586481277
147085.398796839,270610.064284714
169150.964491407,270605.90896317
137212.646069045,268422.391796003
205880.609232307,267621.020905019
242774.820008285,267615.021967123
221722,264092
221878,262744
227491.896943882,262299.100085051
229076.464821738,259543.807417887
224347.578646896,259308.278942785
225486.658372937,258561.071642186
114350.812778015,257747.544597528
116338.26796892,256986.531111328
254710.697290054,243496.135761679
266297.081909346,240575.463478871
180583.350329998,219729.851666894
258933.824676972,219217.058086064
123669.972845129,268061.502563234
213606,267162
231201.168517231,232647.203580727
158528.679355924,272444.406217742
230968.66047600601,268276.18188582
122995.033420146,244766.795143144
126761.976255776,273923.394439436
178499.319611233,268466.295918032
185397.254524075,265930.824473835
185397.254524075,265930.824473835
185397.254524075,265930.824473835
124223.73567021,263075.486266349
285673.314662861,259509.643684064
171408.358659812,247935.552913435
122316.817000229,243764.852735267
264384.617612872,233801.347064961
219950.27566777,233647.616675488
236919.306264205,233452.405834081
229170.202477022,232421.270131596
216370.005447627,270104.846073113
126201.631548777,267180.911388374
230565.522367939,260826.276763905
256019.752187688,260322.981978555
229408.638503799,238712.733874471
264435.453085233,234987.888595872
239903.781501252,227391.396767113
182819.055882158,220327.1967734
182184.049803486,219876.29977722
117461.633255004,216306.037255653
145889.220649964,272222.674954916
169203.466370428,270432.426869562
184285.499290091,265077.112899745
241508.921340468,249723.680342872
202025.814637833,245157.884216067
241568.364268942,244694.882945218
192596.74390711,231793.791196361
240565.665850706,249068.574504113
240403.056509948,241818.164581232
265559.333721629,240424.175501345
261366.35187934,237137.609777943
266671.674870142,232192.37630493
266594.184239202,229752.891188725
124674.046825697,228208.688643944
136322.075211995,227293.775774787
122715.179235228,217178.814408869
119850.728768738,216789.749995417
211944.894511786,270950.790217173
258163.594837971,260057.70988539
214222.538697122,256139.819764609
227049.814713287,255814.515168993
217552.894546234,247670.396622732
242937.125839759,246044.018652931
242134.786007491,244330.618935915
124722.582732147,240755.605869925
264384.617612872,233801.347064961
265544.026468355,263660.54454317
138793.924310839,268112.468727188
228625.776917251,264036.631534975
256436.381109556,259550.359874888
232214.724381766,231171.100768036
228582.877282226,263603.287100293
242902.71018206,255623.793845479
210395.862233691,246144.503106349
203806.089614046,220455.279632946
126552.154335001,262424.065049455
112405.6587686,257051.164212745
235298.436181771,255998.133543567
241532.761561938,242621.900289614
231233.8680572,232194.056151133
192059.438036758,228016.829364534
134644.405336709,215996.902265932
161463.894180134,269504.692158759
238199.344851908,267983.231310734
194612.989577775,265152.754448539
254618.754049571,262628.229072069
198863.026407975,260634.732249501
218208.003985213,256827.070377658
278856.066436026,254611.918527427
319875.307835436,253605.832733931
248810.645511895,240513.965436256
207930.625473298,237156.344719267
248708,234907
229374.572391819,232641.120844773
231141.693523397,232640.412879788
207846.556230678,227311.530812386
161816.964261769,272145.003812597
222003.098308328,266198.826593598
318928.126761773,253474.975598882
319332.383256479,253165.246025879
192464.051794871,224304.466202807
234767.888884807,262653.549461197
255346.659812023,242896.284197824
234152.122542474,239275.963321768
243140.5316265,250402.45665035
199409.668816665,248000.598101176
217215.346838807,235017.605136198
153562.636340838,222648.629906091
234459.609476383,214364.243994139
128912.819754464,273027.834952107
129258.486426257,272095.551206638
217030.923985712,269834.063432144
122928.366001015,269591.146401584
129505.682139728,269349.114357781
233218.495592689,267349.209978935
222647,264311
319875.307835436,253605.832733931
128330.998245768,240372.250416157
214288.164762392,270376.810016986
213709.010999943,267182.441349562
319875.307835436,253605.832733931
221295.217633129,252608.51127946
242584.66267102,246511.148891227
242616.849600454,244340.762789064
266859.644517611,240855.63034952
276959.175749206,239108.128264801
134533.840803038,230378.626745239
266240.023189015,228866.217270323
162881.162709529,223293.854700642
195383.231526429,223032.511995341
137710.05253812,269401.009608242
203895.286639258,267806.24751765
230976.823611891,264625.874584617
161464.026957975,259642.461343688
116317.027843548,257039.255451913
249917.369391567,248120.747047473
124201.844243405,237030.847840454
134769.388101886,218948.12376943
218194.792817974,271213.601143627
236667.173526618,269035.704532549
236654.825247158,269003.362047373
196140.186903737,268855.668430472
196140.186903737,268855.668430472
204754.523640306,268313.387533948
237884.871876811,268216.111641262
237778.829592039,268177.239401543
238325.161840023,267785.541036989
123701.314639406,265890.704135306
224186.687440598,263164.787164802
231204.358697107,257060.042410324
121778.074958927,229312.603424778
243943.978410946,219097.106438353
226161.940644831,268643.039039807
260961.85536391,237623.147200674
216057.203508656,270713.069341274
256953.932140629,243981.487240553
127350.186095112,269339.523738511
239490.056740146,263639.128997298
113215.244739381,258114.387006511
201116.043590348,255554.388553476
249043.162831973,244225.191804924
261900.41803502,238758.532167796
225453.576314919,227704.813524522
225716.088409456,227088.621187743
225191.25389854,226708.895299247
206870,221744
154793.165630647,272283.026793734
149729.677804334,269661.528485851
130907.567438359,268330.734652832
240160.252813856,265734.865699989
172135.073607554,263484.59444856
120097.187924539,260456.548152897
201587.259936361,259345.536043613
281219.582105361,255648.586551761
240355.943030007,243611.52340453
248716.403571405,239148.535598577
203419.631345473,219929.348190671
184649.125113189,219460.92680387
145779.442877626,215495.627189465
120335.05709977,215386.201285502
127564.335177508,274090.403960806
164411.918688743,271648.448043821
234516.394235479,263339.918039085
212898.130081454,256360.93135222
229694.302643116,254028.434312902
196570.191582639,251561.222923389
240175.014444486,251352.731626914
276950.662907229,239137.437176039
259126.800963149,237638.565128219
227436.432033555,231652.701785608
207569.405197559,226842.590624141
197542.670323192,223560.443551662
133222.0144,216486.6045
160599.147160069,271377.932713069
150075.211703668,270286.423675601
188685.544320431,266942.957584339
151298.578479451,265703.909627484
195538.428805859,265436.146147573
227455.227350698,260584.034114022
263327.341857707,243723.08530496
228888.88709044,237535.068256309
257259.535877688,230514.849124106
136045.58790495,229376.195453545
208292.598517988,227770.680471586
214886.476614815,227006.079165621
236421.732037115,264169.300655299
280042.809790654,253322.365545242
284251.521225611,250277.852322612
284288.449629317,250200.964892855
241624.152760621,245534.667548653
255949.58186435,244832.261572148
230801.646897204,232507.697105162
230801.646897204,232507.697105162
225774.608898932,227424.296453274
224857.214071572,226882.953013338
224402.703740031,226007.128427572
193387.182472083,222519.905251423
211563.49672762,257749.90428903
207696.138663842,251463.944979532
233615.923577299,260080.076302236
258163.594837971,260057.70988539
229759.322241036,254045.376602049
165579.490182433,235099.58139758
123159.794459834,232738.467484223
123159.794459834,232738.467484223
223429.262907297,222677.40587713
182419.232587423,220651.642418874
234296.30099836,215209.896363816
161816.964261769,272145.003812597
127588.622041972,269133.974347641
239521.486802717,268440.277979227
199905.587078814,266247.335358237
165634.63117129,266171.570991532
272586.399411164,260158.921732579
234675.67543909,259899.318488394
263038.240111398,259134.964647617
273598.475946208,257823.237114046
125469.80298403,250935.937382513
125060.850620091,235753.09091298
130516.646032175,227730.561218388
253275.051326932,226920.881724684
135271.525478624,217051.013226373
233922.114910991,216903.260619329
233873.110672884,216487.039921587
130667.971718717,273778.011280988
146146.048196679,272268.024889029
131576.249988585,270594.779045944
215534.568156254,269109.66950706
235318.507572477,252147.278393313
258683.070692193,244817.751323659
257579.881364342,239105.384714149
232459.742905977,236132.514043237
214498.001931894,215719.64264702
258236.654506523,266465.512710319
255669.771187696,259806.75709538301
214185.93024249,245947.138484173
155266.226003625,240530.332367189
266130.789611421,239255.041638198
226516.875548526,235985.804251994
124563.601967101,235846.583983862
192692.78360802,231817.809380299
153976.509557739,222974.914049208
237860.353530591,262780.864535753
237660.88537875,259514.648967725
281904.455200976,256195.334855985
245152.94991140201,246899.50282912
263121.792017898,243646.196773048
263121.792017898,243646.196773048
217191.289604227,241640.578560751
228877.336388392,231102.36436264
233047,215743
170039.594846195,270771.357582772
268684.487167048,244859.76472573
127346.710023819,261805.861990676
127346.710023819,261805.861990676
125029.507713607,260434.25053933
146579.538400159,270786.936432337
214252.159513406,270610.891001882
127642.606911406,268194.867390627
239754.807099702,268107.733186509
223640.538354552,264985.823910948
127340.519021019,254272.730383962
139637.667002078,234101.288797864
225901.54120435,233853.089377972
201990.150823051,224165.797102178
136103.52838073,269223.722413538
174015,267811
185397.254524075,265930.824473835
243353,258657
200286.077040768,258296.086645867
241860.117220386,250815.79260349
238008.442938687,245375.322915217
259333.264366841,244986.176817078
260827.341052925,235879.300151546
266695.043167105,235265.344174328
212701.656162869,261333.267348944
265628.744283355,234648.480140605
138085.645533029,273307.203128326
152586.76580384,268666.487921523
185397.254524075,265930.824473835
172487.416828783,263338.40297618
228697.585986058,262343.348253817
222519.484897298,260157.77962295
113244.335050025,259536.136751092
135508.279916619,254435.010918755
140909.674390141,253687.625393515
319875.307835436,253605.832733931
207999.282979299,250281.704816349
241568.364268942,244694.882945218
218679.170244882,244246.943400858
232778.261609522,240104.299311653
275626.702735488,239870.219765606
258156.971059081,238277.591455289
217834.270643997,236544.667178349
215751.838299114,235939.071458902
216663.450004642,216320.376476279
130711.899132051,275299.74376175
185397.254524075,265930.824473835
223006.362487429,255770.037698288
232640.108032397,238864.417868809
120483.666611281,229349.263575767
206870,221744
182288.109676511,221173.027078642
144904.36099691,211828.226404884
193620.119712247,221733.782044611
117944.33754649,217301.102626413
123859.514712321,270482.317350425
182477.338150428,263182.907128288
141191.833863046,254049.924298685
254310.444510429,246087.633555873
184166.228187193,241432.629602448
121719.621171283,238064.170190108
125060.850620091,235753.09091298
231882.81351631499,232232.195732106
284315.129347476,258884.560730366
122401.218084314,255616.270382678
199832.813816106,253801.702167597
251402.96905138,245660.168084865
271656.392467896,242238.126868256
182995.836669447,221858.45575273
131533.888460933,270214.102577542
127115.927967764,267967.53225531
228582.877282226,263603.287100293
257470.761959656,260710.668568187
225254.674906506,254092.568637429
240207.666872376,251678.268302492
231294.196140732,242075.102079722
258268.599025641,237580.876941066
264914.604932288,234681.357148309
265911.420006482,227191.48013941
131533.888460933,270214.102577542
165131.998514648,269673.510374583
228233.451327341,265978.836436029
214707.181509131,263778.471059669
151066.612519029,258188.918344931
234169.640431924,247748.595089716
244191.248545271,243253.997671599
197825.62779379,229927.177745714
206260.534970414,225578.314263426
155766.942084491,222240.989229321
121813.38495064,222142.206487297
138337,273855
195227.725619575,268336.304423231
216168.14973851,265560.526203837
213397.418689566,264090.393357301
200003.779132697,259256.981009609
228371.301901178,258023.094946949
114515.00620603,253737.289142683
215414.203874929,251780.651083106
238841.893776033,250988.033618129
233876.7197577,246400.282949808
218055.241082317,244369.852963086
241619.924058479,239322.479321877
230739.050858502,233218.949528527
209281.307853129,227709.767420363
141422.488842154,224056.703773584
206870,221744
138894.746173643,273453.566149157
209071.219454036,270009.135807469
148312.169624084,269659.24020067
228095.813161452,267138.975789367
124391.502997855,265726.296769807
246775.354896923,261576.768257277
227323.022064186,260436.985026385
255950,244832
264313.29801485,234710.830246642
259896.853211172,223416.498319977
225755.245838129,227125.681770935
125568.368827584,271443.710709094
221238.533390767,246084.652477493
121241.798546174,216630.348773295
142228.501351554,267216.115504892
196300.410448984,267071.379446512
128272.37201733,266831.1065399
123659.687387219,265104.902501771
203532.439029263,243263.358281303
266485.656438662,229763.006487028
119962.577439407,216124.671712685
123192,259779
123207.027411677,270316.155235592
149863.10281547,269124.335586072
226223.049754595,268443.188585074
238089,268392
130851.520375022,268335.002841221
229455.967666939,262622.903964356
231160.895743153,261483.582639959
283993.241247472,254998.086424423
194739.745328718,253339.88386458
123722.435742926,251790.008258514
239555,251727
231913.946276425,240560.227237746
257579.881364342,239105.384714149
234556.89019907,231693.118482169
212198.504828173,224269.177317221
133992.559975241,223525.696947868
257152.244908985,218277.9832917
127856.201376764,269136.324082075
160495.931226097,268949.981436703
231341.118253879,261940.917853334
257025.250362193,259459.120959127
225828.694477776,258996.523804472
132392.352536196,258871.130974873
217777.015176519,254384.033447514
227671.52718512,252971.414973931
179129.227408271,219421.257507263
133327.7662,216459.1508
228301.818692213,266967.793435866
245327.677884688,262967.467405901
200493.467273392,254293.411781092
318818.19746943,253363.582688421
202870.950145633,245543.245553753
247891.313952345,239733.76501486
231260,232653
120408.552078803,225029.572437016
180954.465873219,219684.470183978
229997.80470275,214166.13429221
152742.435055884,213274.04761632
271047.309780237,261413.351356463
161186.706546518,272586.281453103
124539.45718682,267960.347659561
228708.078834992,265294.19727081
245510.772680826,257798.370740857
121495.161487181,252021.004764148
141975.206126452,247405.276484448
243157.101026291,243638.332434324
240082.236041417,243490.949469977
134933.121138671,227595.931298048
233952.648784853,216905.979977469
161224.70619171,269606.761509113
127204.281399859,267665.307365787
125379.449390619,220966.885701391
128164.373628781,272496.287838288
127213.646727681,267645.080986275
203120.913400593,254048.941871511
241355.564221555,249730.104988809
137595.89812566,245914.856373625
268375.80441441,237490.519974536
124096.522607167,228414.817815519
146952.126751486,222613.779726629
180206.665894758,218044.925713647
239875.31914039401,217161.837863173
165876.09246013,271439.206473841
216297.811636179,270184.445192204
194665.854015403,266466.49353117
120428.40103423,259789.044573659
123540.705943687,257406.359990745
196016.21759709,257369.672868562
257930.07834905,253654.557316288
202530.603603506,252580.602526299
232600.716116871,239915.806552842
217802.885226359,231638.217244637
123276.014332456,231451.244174006
124808.686508065,228710.444359514
140877.666637875,227840.243220866
195499.763206017,225876.191793587
207509.838838431,218943.94682981801
138516.358534297,271382.592715543
230919.821968839,269723.98384865
112812,256859
257200.344312991,238336.881202759
220245.766940211,231713.910484947
217823.172269395,231246.326607657
214886.476614815,227006.079165621
162131.452085182,221806.573648436
133284.62961379,216481.2702
134797.802815421,272433.407836665
149261.055958804,268540.701597696
226440.809445637,264599.96225151
226440.809445637,264599.96225151
223224.229993032,253797.448621972
251631.807775026,247924.054035276
203503.263718385,245355.132272976
229687.139025987,234768.570121449
267063.246895115,234366.742622142
264384.617612872,233801.347064961
264410.757413879,231537.856981519
140439.044199217,227345.567304605
123945.39529358,221505.16933241
128562.994937385,273468.7585849
196236.71388385,268069.995958331
208153.285287693,266459.813067409
240921.451190743,242723.252829041
220986.816885451,226119.522479981
169098.895007007,226053.448384278
223368.059036065,222605.673031504
183046.563490463,220500.757463971
235498.025811761,218000.204770421
127243.902033118,268066.667421095
228935.904643331,235938.648549768
228904.79135211,231150.526753323
266445.428920733,227902.083666878
132843.092645352,270485.435431428
185898.477332797,266611.594377369
217604.318210458,265205.584606313
217376.011304754,257038.483752797
282711.102077081,254890.424112856
282502.860065569,254468.349323863
227805.481879653,230812.7241764
146172.575667145,229420.173856538
169826.050013375,270818.066111936
127355.31997061,268047.649773526
130417.604760036,266759.917312305
235293.575368839,259255.860647142
155327.276386106,255287.576165221
211578.564458332,254351.778359209
155115.7645,248930.8712
127806.720187175,248311.583935367
167748.795007578,248060.21958668
238008.442938687,245375.322915217
228747.93329703,225190.678698434
182141.810047111,219676.767701709
243797.163497542,259778.792720017
259039.483500499,241453.687763572
266761.335806053,229405.473459981
128272.372004705,266831.106524466
230742.952396575,264483.89605711
230742.984252481,261887.993930271
230948.818126672,261208.510225405
257604.10740691,253733.847131145
123971,241826
268232.5660809,237393.506192968
263734.533098777,234524.551224922
230980.281854537,232689.621381074
213804.93118914,215817.848176209
230965.283671662,267033.866460238
212316.10067336,259600.886036649
238860.665498073,245021.800345392
238860.665498073,245021.800345392
236894.774372528,240884.051533625
258316.003449645,237618.432467506
220519.955646095,234885.087586402
154236.363230479,222968.924146465
259415.10980099,219421.545211109
216107.706720841,216842.998408011
240466.402108748,216362.651322129
146927.634307411,215010.329109244
234377.319063557,238111.134497785
149475.055359585,268883.113217233
162284.734269675,263473.172740601
128886.088897391,262805.205504557
232834.53333496,259151.713503
225848.123973603,258359.815948563
222218.210529243,253620.154775332
126538.441930775,250787.803622012
239654.003425074,244520.800268459
204621.710851205,243944.384484935
272522.586029034,236702.176534863
234019.756298913,232152.54185415
173503.996892563,223009.156643614
152366.003920685,271130.923325565
137708.650672669,270407.183664202
125587.85002637,268578.82990432
230755.00461232,266031.308000119
228572.814667865,260567.913885681
203127.673573771,252627.697811236
125213.356613068,250696.82230571
242045.486962151,243993.319295437
258547.670208974,238861.300530994
124613.947688282,228259.015163253
185775.617616977,271965.664328852
137708.650672669,270407.183664202
216442.77497829,268354.307813575
125876.629650413,266863.850400467
236433.821066673,263698.538950284
234480.04041072,262123.404351603
161472.932683562,259491.269632709
281616.17932702,256574.371760341
232250,254691
156026.473242304,245646.378119761
306897.554459261,234176.078735069
230639.633985442,233241.879630209
228399.853578642,232692.726169133
210391.968603644,229220.410252306
216424.1501358,268362.72372986
258163.594837971,260057.70988539
208351.682653272,257853.617668731
156908.086654393,256857.159096473
259770.951962841,255668.754800175
241087.424325508,243318.07589783
242164.58,242127.39
166330.19925092,268724.835107285
166188.888017604,268724.748942359
216405.450739068,268371.048344883
216385.359267039,268333.19536896
216403.962111279,268324.902568591
216422.566178788,268316.536843627
234007.972119245,263293.118015772
257200,238337
142001.262685162,258052.553106242
219752.350696254,244908.01342843
236306.356303499,235282.406698328
306536.128625217,234353.82595362
220634.97046049,246667.628820803
306629.468517163,234375.742984898
228885.316299756,258866.081769049
234937.189384695,238360.925127848
234937.189384695,238360.925127848
208903.245698565,271804.80688023
164411.918688743,271648.448043821
238548.361329436,268943.862521574
213979.739046352,268103.613291791
234199.790033883,265147.972582582
165008.598582169,264948.141533648
223920.67561022,264581.422664729
120004.635866976,259715.351806299
205015.580057197,256844.250768934
256621.729148687,256060.705408942
156279.84506584,255761.521615735
203224.669906688,245378.621357576
214722.468567054,244551.82834679
130754.682429501,242290.862643591
124936.084606806,240743.825603916
236109.086357607,234330.692963835
216543.303905979,233652.794065694
132118.742855487,223210.619860087
228625.776917251,264036.631534975
242589.235206612,259692.306693914
243852.712361293,258805.173769154
320214.590805089,253166.114946246
242177.643082149,240321.30084192
127405.674851252,240194.016400156
216446.766055125,233208.127288105
133700.29713014,227356.454055884
255315.357576508,219174.336440094
179605.857963596,218063.110420636
185898.477332797,266611.594377369
185898.477332797,266611.594377369
229170.492769686,260292.005816613
218172.930339394,256723.062416934
239697.809872877,241425.330724208
237742.97712954,241120.032371129
229408.638503799,238712.733874471
217215.346838807,235017.605136198
193602.164955902,230765.138357027
204627.772798972,227138.012336279
196010.783506275,220613.168142921
188819.707195803,269266.221323366
188685.544320431,266942.957584339
185898.477332797,266611.594377369
122179.526664255,261862.901877938
268321.112459984,237458.00706009
268309.460224706,235217.764534807
217215.346838807,235017.605136198
137564.48780756,229047.069159512
259651.35758110601,223610.06107037
233815.071792713,219522.125829117
229997.80470275,214166.13429221
193101.012780584,269005.976794658
215181.989731575,253631.926263505
217215.346838807,235017.605136198
233434.813034634,269930.605641266
241379.473055608,268107.862301287
224017.534118986,264619.398518968
247306,245727
210114.502676744,241955.217105913
217215.346838807,235017.605136198
130030.237397697,273715.51665095
124437.542830475,271430.924294818
125355.736170188,271245.981381144
130660.7056,268456.0644
175371.813498092,267367.496309934
170101.782565777,267322.582790489
188685.544320431,266942.957584339
125371.448695855,262977.382044954
271644.426795398,258904.75620239
145665,253084
284251.521225611,250277.852322612
220703.283918018,244516.976668832
257324.213567408,236097.751382126
217215.346838807,235017.605136198
264384.617612872,233801.347064961
230194.12446052,214470.959355802
241002,267276
228582.877282226,263603.287100293
112289.609416112,259245.475362017
256203.640314992,258854.208734998
280437.616835324,255863.979298133
118360.685736029,254670.404060868
263099.808322475,244590.644489831
124643.866527218,237216.40845126
217215.346838807,235017.605136198
218977.730073103,218353.625744929
170904.496492611,217444.264300384
140970.122419288,271188.468590765
214769.327264335,269959.502183253
164821.027235396,268570.267977383
226514.32881509,267088.577712421
166894.428868406,266414.641385451
146991.764162308,260527.649521089
122132.694765625,259869.172182993
246776.858053011,251429.431330047
243334.397143455,245357.328362297
255949.58186435,244832.261572148
248810.645511895,240513.965436256
218668.660928386,233711.309678638
144189.018074208,227293.098059091
145892.076104609,272758.16786986
177711.993414664,271944.924981294
186225.902703338,266056.792327172
123575.633362195,244014.604743233
228553.211742,241941.753845261
227540.639202885,231635.787840389
230382.053021423,230638.38517067
243552.11370704,245957.71922043
135514.457014282,273594.067601931
126160.575961716,268277.013578399
228708.078834992,265294.19727081
279079.97062539,257575.85636261
157609.252974012,256493.122038066
113676.77805046,255574.235205571
143155.901450138,251768.984918534
239569.989346462,246617.468155551
122954.167471193,245624.77829241
241568.364268942,244694.882945218
243392.834683073,244285.734298306
125060.850620091,235753.09091298
264822.029770485,235453.16767937
119157.028915308,223997.994297679
120430.928604349,216793.520588596
195358.24101482,265424.826631346
119892.615897164,259390.5446679
241907.428,249379.0744
137633.186734041,273882.757258922
140811.005110051,259660.642757266
140811.005110051,259660.642757266
245175.194021601,259027.615574083
134824.447584121,254300.290215796
240574.676676798,242471.601406311
240162.0335812,238606.198912502
130787.322712979,236332.144566639
131575.387658159,236059.192730933
209934.375884322,221137.545306749
126384.385716362,273905.189336956
169413.88928444,270552.24461472
213395.017911083,270103.076049417
187072.509210719,267702.031911584
232501.781243798,267305.844115369
162398.297865799,267008.71716006
205955.10940769,266014.514754294
179170.588143467,265359.150108859
224450.85024363,262137.088187535
146179.409313463,261135.037075268
241291.528846864,247787.417077603
239569.989346462,246617.468155551
244230.780761923,244987.853572185
260361.408284846,239304.88351446
117945.500505448,216560.443292314
221872.405102936,213384.297247427
233184.035914326,270186.985842004
215792.179947789,270138.527277028
217331.110360313,269841.814248762
123969.256915668,269789.262545537
128518.76623046,261360.400911312
281337.942992724,253431.587409073
222853.305862684,251873.796993948
232294.738149544,242985.81730244
265301.150767623,234903.056335176
208286.629443019,228627.409075451
241464.811756536,222952.889231597
234829.303975465,216241.003969727
130836.299890588,273710.232797642
177822.681790833,268386.227281928
123631.458295962,264987.806043518
226867.224099323,263289.802732113
228266.679529459,262697.757992503
227050.443979286,259913.480877908
184204.922519255,258833.292460335
138462.587378912,254604.058181344
123983.675658472,241541.957046577
216516.498288097,239196.550424237
249972.273600914,227629.217199173
174015.113322965,267813.236072034
132354.488378366,246676.045318871
225043.317930228,243976.367340751
231018.125061875,241428.80316558
215297.998340744,233613.95144211
299901.750813011,230734.752841763
246776.464217858,219020.214138719
178747.360282241,267352.878753554
258065.751383667,260945.989109892
258065.751383667,260945.989109892
122871.202795174,230679.014079309
234701.78329678,259685.661024182
227441.406544903,257639.260078124
192620.187965327,227261.325519947
156980.043580261,265972.024297836
279807.919220601,255290.991956078
320159.112464626,253310.073293337
241044.175081971,250300.112797711
241576.095556625,247626.878501558
248716.403571405,239148.535598577
250397.249853373,238189.136837175
130098.444176677,269042.505067034
208035.772970446,267612.629094054
135300.053630199,259787.530456778
249564.104478903,247933.126629328
134312.231055239,229291.769951972
157101.835206061,222101.183347946
164411.918688743,271648.448043821
125743.527496563,271636.241913433
126280.557809842,271474.283213044
125191.979560918,270617.974987138
124663.689375845,269863.556906833
206191.065269573,267745.769800518
185438.660539822,266683.624073466
113792.322151501,258510.135382936
229554.968431594,257401.921712298
242030.051003353,244394.021883874
206250.762828809,242026.896434553
125965.787017219,270692.401383941
225373.969726819,269522.098791419
181792.440876808,266729.602544743
228582.877282226,263603.287100293
223307.489414325,261436.65820453
161490.553339211,259815.602576606
218564.025098414,252462.525018112
248958.556394809,247913.689742153
234805.260755401,235260.512401745
306844,234863
150005.901357333,220607.651061465
153008.719563738,217999.14810588
228007.945103018,213699.163415633
125753.714305333,268984.287851413
127562.628397777,266228.965872642
195285.996143194,266228.516546315
113292.972539664,258892.133354132
113197.114604564,257652.953316745
124926.399491533,241495.395361418
234480.204942502,240795.555195099
257200,238337
201376.973879334,228037.339382032
155328.950104712,272297.710013197
230356.98000411,239391.350243284
131814.088704587,236246.332814275
169654.593466997,236141.077421183
230532.658353442,231466.551123562
135461.126934896,273624.327540238
139881.862439242,273185.718477896
119881.006705066,257456.003225093
260727.558809615,256140.959904602
204264.411388938,246201.290363749
170002.394414754,224412.05572328
176539,268116
130178.75161619,263141.403422996
120379.735090196,256235.544199859
124357.378375684,241772.797397751
266749.575054676,232729.639481115
207509.838838431,218943.94682981801
226987.585262569,216801.54998336
185438.660539822,266683.624073466
126526.161077078,263219.837780225
226504.266105264,260927.159592363
239383.996173919,259977.430049602
266490.178249201,257563.92558135
228063.781030273,256410.701284167
255951,244832
124215.201711506,237674.924235307
124563.601967101,235846.583983862
122778.797800069,234869.702403054
123363.145040579,229203.089452436
124551.192830799,270319.11085696
240905.663693565,263062.581107532
235163,261737
271428.835580032,259765.509780699
262683.288494148,259764.248740907
193283.746675185,258204.768642583
113980.329131585,255194.501436849
255722.343193892,242620.825442639
243539.375183909,242500.5916346
266118.777045345,234297.693098991
149698.411937418,222306.166479766
179796.608630928,219655.632950965
206184.21703227,219464.922974484
245791.375289655,216803.093352125
242597.022671366,216746.245159727
188685.544320431,266942.957584339
240317.131959368,263717.481582059
265497.640835813,263657.963134721
258065.751383667,260945.989109892
129772.172419391,245987.335317485
251402.96905138,245660.168084865
161371.68394667,241096.968084248
122027.247679588,221704.139407666
124050.889608357,218662.208358948
153973.10096896,271431.313853101
126128.94894291,267440.714895082
234453.958839889,260221.939612634
231428.252937115,242263.803709612
125626,238309
125626,238309
125626,238309
125626,238309
240230.04294052,238193.25128131
265628.744283355,234648.480140605
206498.873059982,228428.635523601
140630.743120626,227949.360844781
243846.337576856,244637.589309429
227110.451258744,235427.346387303
207307.107013683,225931.318479153
131256.155148895,275356.871384745
125214.852235071,271844.825161127
230113.288903868,264189.577065868
228903.0162128,261708.481778828
227687.704843041,261450.938844091
225828.694477776,258996.523804472
321169.49166389,253677.381335913
214581.394971558,244432.103263389
242500.103829151,244340.538886658
203787.530911201,243593.519428929
239695.506507825,241439.637082008
234994.717776087,235369.877617434
142600.34600539,227705.402969166
168195,225928
202615.982975716,225654.420505154
192234,217703
151308.406893289,270679.735094161
140701.122175635,270165.373729748
166823.794942689,269755.955312035
185898.477332797,266611.594377369
226642.471818941,262627.965894882
280905.498373644,257043.391917944
281599.135233012,255195.209839449
167456.859464642,248417.799373867
150242.428487192,269929.800652168
116917.511485181,260257.452196138
256927.720308056,259485.829725375
138947.188750067,257525.994698203
136805.355279429,256144.997326673
120284.301867289,253145.459634421
221145.03945293,252431.738256024
218256.896152283,231051.852124304
122299,229173
122299,229173
121941.798744416,228788.265151061
121941.798744416,228788.265151061
202481.95721819,224864.591501206
225727.335611464,211690.625683149
129078.645130908,273654.449386478
175408.5642,263830.3696
132367.281307187,262334.367774293
283945.258805523,255318.218696786
210416.942098496,239343.224750595
197570.797060251,224994.733429919
234777,215819
230451.18009058599,266924.82150556
185397.254524075,265930.824473835
125956.299238042,262678.428298859
275367.031597813,260648.438734184
234309.338827375,259085.219207191
246134.863778496,258821.388652027
280014.232895662,257066.846290844
230685.220914064,253873.068358928
252542.619532013,248029.065471701
243225.620596319,244104.02764608
124198.537760716,242247.335355979
169209.51904909,236464.954155687
216775.425572075,231565.42757366
141619.485746193,227411.614109622
123850.865102079,221275.877355418
236113.310358864,216328.621583964
213675.793975882,214523.838486809
129434.711113004,274293.526658051
202361.217217465,255663.879491768
203683.922709268,223889.004788996
227755,267854
188685.544320431,266942.957584339
258163.594837971,260057.70988539
285074.408347822,258059.777844335
125937.144244187,250639.216749166
216093.902850234,241759.154522123
220412.317646801,235584.62406485
235171.831132685,232270.662878043
126777.43525366,271358.41944276
195837.429770054,266554.923611495
120368.583275243,262467.79608958
235804.351020785,242816.29402403
118444.963549137,217101.122168795
118444.963549137,217101.122168795
119715.171644745,216947.975164079
125833.19235297,270470.083274539
123887.002310714,270307.761979012
240759.722884104,250335.551777089
249362.050449408,248758.86610638
225454.414135641,236861.650981418
135629.275720098,230691.198797506
263686.736678617,230363.688285392
192103.580001032,223972.439022163
121879.255561359,221498.422396102
155222.177866428,221297.870773836
230893.71960627,213076.481608771
230893.71960627,213076.481608771
191896.862832308,268043.567747082
188685.544320431,266942.957584339
203861.037802593,265640.121757109
113947.59277323,257813.582289282
149545.934511789,253795.313744415
124598.592502733,253391.328569802
244826.509203327,246127.10425704301
239654.003425074,244520.800268459
119816.91750356,229167.35041134
209470.599128813,220868.097619059
127295.793543762,268043.203654044
219071.336883519,267723.511994467
134576.754044671,267604.44915579
223249.519235961,262206.078921426
113849.513570497,258119.844761478
113849.513570497,258119.844761478
124467.068037076,254871.217358355
119917.219084653,253048.142210352
220542.912776223,246598.116628154
239706,244754
229274.560842728,238096.949772735
258988.847983083,235620.534432864
130938.23480466,222562.517519498
124935.873233835,221891.542548455
188905.306433427,221580.337471549
124815.196336288,220725.287403814
180392.85934825,220036.175325262
201446.827400049,219948.137087111
238110.617369027,265774.188311598
117046.109100427,260573.8263663
242209.64499209,244451.468172015
119409.146710357,215970.567047694
126887.607597909,271818.481676928
220239.205922691,265334.898344176
249948.792377823,239373.889527726
169530.655017823,270915.10021335
213572.806922612,269985.747977713
214554.212310315,269455.567852839
196140,268856
196140,268856
196140.186903737,268855.668430472
242721.331453178,267637.645600621
188685.544320431,266942.957584339
242106.835487978,245891.390400352
218656.771167599,218656.273655314
136017.021787807,274798.096058559
158717.317107978,271796.518214269
217004.871192563,263692.303125429
226799.835686512,263359.307408501
240804.021855392,239334.380623423
241951.494064202,238907.994818788
258156.971059081,238277.591455289
233436.700780626,233311.694565605
120183.458620033,228946.666325358
168212.310062976,228375.306498136
240595.189761043,225738.250453093
124679.712464615,221548.872386025
199800.919023453,268095.42176127
142493.833610053,267587.990490806
164413.410350093,267091.948823292
258065.751383667,260945.989109892
175818.894015453,260283.436189431
227305.463748576,256463.983568376
170710.516864394,249368.17002076
239924.50341478,246928.722840438
218186.46457605,244084.886730577
125979.827858002,240549.967534517
248716.403571405,239148.535598577
248716.403571405,239148.535598577
134709.746875216,272488.663291199
195227.725619575,268336.304423231
195547.646144349,267919.302591132
231325.239223152,265713.077759866
231139.370033294,265488.243476838
250901.698496206,243577.643476509
124073.2013058,218563.782330439
124073.85752885,218542.969022252
129597,271732
130618.619081263,268574.391829878
231139.370033294,265488.243476838
132750.712188102,262770.207467811
212432.191079424,257293.013486479
276402.113852917,245845.714661395
255949.58186435,244832.261572148
255949.58186435,244832.261572148
229634.525901697,242371.731592132
240875.414960684,241611.715863015
121002.597413335,236532.971015269
168091.522557633,270793.466745181
216431.485936755,255983.429796979
121403.402675738,251241.104059665
129532.991283434,256264.258878579
125724.869502931,271473.156222934
235452.89515565,261293.90176838
232987.800077504,247921.80531817
243995.262664867,245699.129884809
257952.675661369,237969.20904493
230717.586733951,232726.922494476
145520.428335541,223290.699394634
124579.8217974,271553.96139988
124168.315476721,271244.998551194
168091.522557633,270793.466745181
165046.876058117,269615.038016112
125358.09253965,268162.574302361
175962,250483
229419.332696548,248387.832540282
250004.971723747,244212.93230586
250004.971723747,244212.93230586
216795.536596424,230914.990868767
158602.665152755,272197.810442607
165308.580956401,271649.636940662
163909.455283416,270574.971334769
166777.349864138,270546.866371218
215211.240982155,269810.533387006
125963.255604486,267909.77474958
172834.294064257,265691.460568748
120097.187924539,260456.548152897
283299.26039628,250135.733218442
182545.794717201,248523.679444284
240584.010768987,247181.838779192
276721.798668002,241392.420955312
259268.568219981,238995.077705565
217061.922383534,236615.380701121
264755.686297461,230524.078088006
125187.237650125,271847.579707618
243482.969583204,267407.002417023
228769.381807703,263458.618988108
282364.989179631,256390.511055337
154236.245145281,252263.397538791
284991,252069
284991,252069
257200,238337
217035.738041832,233268.647121485
306720.992222212,232722.584925517
149894.860372085,222405.750586592
221985.410677129,218262.186314665
128463.55883212,233921.244339544
236599.522374532,266370.389801478
236599.522374532,266370.389801478
228582.877282226,263603.287100293
232086.610593117,258723.409097974
241497.066822243,244977.670914022
245566.880150079,243585.132550239
215108.025719246,242206.975318166
229152.920777075,239180.130462554
227000.646904988,235355.277245858
217371.070547828,235012.37784011
301404.137455432,231633.704585856
233047,215743
300969,232704
129494.772428521,275468.133213505
135706.817318222,273797.42087406
164923.156824735,269544.752359678
166207.362357315,268799.123680672
206545.799826226,255667.832190052
206545.799826226,255667.832190052
120572.846204518,232038.29150369
134967,224494
222719.18643844,219335.604149049
257634.125923506,217766.705128307
240466.402108748,216362.651322129
155457.845925518,269274.204895578
115784.88575047,260437.856801313
252280.966128725,260328.097893901
239843.51640724,239518.727819616
123686.630994056,230806.675323682
145540.041657253,226414.462180643
163904.296895962,224810.105018155
190178.013111194,224546.973085634
186901.724506528,224205.824224022
174637.093901343,218276.966997484
214627.753802249,216498.261110643
122776.343143004,259709.741128778
119298.656536945,257415.823452904
284991,252069
122856.588667004,246124.452331069
231286.165963004,241876.527796756
229009.466479733,237872.776713699
306548.889582945,235472.292653435
207722.222194644,226538.354753113
224845.663083878,262441.404311474
234050.887461874,259674.78226589
140315.817092969,257985.746166905
213785.517957974,252396.154287598
254990.824659774,247329.368352658
125996.167142626,240724.22251774
249073.89149673,239252.206343967
122848.071460125,231005.203483526
139729.20680461,230942.321222567
258544.034856853,228336.535409421
234136.175248778,215920.345107317
238655.067499526,268195.289543015
235234.117206251,215711.704181055
231501.377614923,241869.658608873
120225.58510732,229256.852306214
174732.188137246,272178.92601175
194564.867600053,269718.449031208
195786.269880784,268649.764451235
115471,252619
123564.648916695,244374.552387318
125627.168430608,243981.963825699
244159.735204683,259409.154182772
131728.031485109,275267.252575643
136430.309814932,271153.282156741
131790.892398187,270997.236516374
204996.323538772,247667.115035781
188369.809089313,244795.275481036
244251.247710564,242072.21573783
280270.299726282,256531.861862907
182038.321960148,272124.64623941
125997.347689616,268961.789052862
234554.367677512,254515.094860179
153430.483910837,269521.392611996
125997.347689616,268961.789052862
125997.347689616,268961.789052862
152285.16137585,266792.422143767
246775.354896923,261576.768257277
246775.354896923,261576.768257277
257479.75295738,258373.750159588
125054.100445371,249971.136837908
210380.316001239,243430.711731377
201993.847490015,243009.363665255
257200,238337
268241.704491654,237457.301203795
124130.546911758,237237.142772039
264729.029573233,230613.978539356
124935.864992348,221872.688738844
242820.113456898,217285.009356488
195227.725619575,268336.304423231
238821.602246502,268119.439565637
127183.993060533,268018.521197948
179425.491608731,268015.239593055
188685.544320431,266942.957584339
155418.49165133,266449.321693324
218824.298823942,257946.496545102
204374.96736429,251369.747934079
240948.53064906,241812.418021721
125268.319025216,216685.257460306
248782.022118929,216115.973987894
140209.379115701,259996.223862268
254902.917085855,257720.340473964
256890.04680543,243651.896094449
266116.547957939,228898.318691874
197890.670372105,224575.692318801
196675.933157874,222990.042917509
124525.578144059,241218.195866958
131533.888460933,270214.102577542
134125.842555762,253902.050106429
217434.054295223,231536.102609236
215267.153291016,213800.764803499
130554.489586022,268559.059557172
205402.91596732,267853.802037495
228582.877282226,263603.287100293
238323.77232866,259690.054941866
113416.860643071,259662.080215255
125946.940436736,243161.77995445
125946.940436736,243161.77995445
230509.229857653,237460.302106136
215037.398708466,214285.501959784
172694.281710323,271494.512444777
217441.116927599,270021.346435006
242282.771197613,258740.131155539
141642.183579287,249688.34281061
133650.733461703,233142.061530521
120676.838830131,232670.785545991
228685.87136535,230814.952768785
192289,230504
192165.064608428,224395.830303316
182229.799727472,218664.44008116
125700.507502159,274093.134613303
165951.976966747,271122.985812081
211404.3043,269964.4788
188685.544320431,266942.957584339
226038.323925781,262822.394549183
256019.752187688,260322.981978555
112773.558883603,259492.937028321
259445.011895216,238444.133462242
266917.89890603,235716.417110942
193450.748872586,223541.657052012
162382.768511136,221097.763318496
238047.38874717001,215696.826943252
164411.918688743,271648.448043821
183290.007423674,268668.566756703
226135.393376098,268561.354272654
203895.286639258,267806.24751765
188685.544320431,266942.957584339
237575.434859487,264083.898466703
226643.956805955,263249.602990673
205572.260209411,256024.677311863
123163.066233046,245621.6762373
241501.392636654,243189.78730119
216351.697818033,234619.652372444
267324.013884148,234040.531297739
231644.402911178,232160.177836386
203282.23755572,225286.956320706
197292.820549473,222877.944136087
250957.721877196,249766.521318462
129757.853626291,269204.682616228
188071.327001425,265541.728897833
320352,253278
116138.444489785,252644.508308071
243780.457119519,245880.542712861
260788.044038656,244899.570457244
122214.347246897,243758.575162703
265451.044757266,241119.933945023
255359.692259464,238516.080948877
193442.092290118,224075.466216736
221598.598402435,214207.322787658
188071.327001425,265541.728897833
186443.897925037,253276.62055167
227432.922961559,229908.690488423
259345.879854319,223431.156603781
130706.574516671,221621.923765004
122851.139100755,269811.20326575
240013.755515879,265765.838174975
216625.310807647,256099.084255585
246096.642096706,253969.146361599
247309.97453568,245730.828946092
248716.403571405,239148.535598577
259109.401311932,239059.234493036
266256.104816775,228482.476034136
162872.58805694,270767.393509472
132534.912254561,262192.30159457
217657.120145543,259435.285017905
128495.164162913,248178.933079733
250556.152891722,238674.195287825
240737.698228494,217537.751116726
228006.907766388,213664.918332771
129551.52231239,272644.019787779
183598.291914276,266472.689521185
195284.691791174,266334.845772362
195284.691791174,266334.845772362
241364.703421703,262315.223697892
215083,253661
123738.149426173,252128.762923038
240730.691524927,250748.251166019
283188.516553228,249506.338543702
243511.068590706,243147.160029311
232613.318630089,241800.144864786
124130.546911758,237237.142772039
239004.700696051,236076.951473711
256786.321655987,234889.705166124
217832.94711164,269365.577244341
136131.103656441,224355.349701288
216411.904735938,270116.653492816
123958.850688205,253849.122782271
152963.919072028,267164.472592497
188685.544320431,266942.957584339
218185.047757766,256750.35080097
218890.902829457,244609.976423004
210245.09646173,243898.009985469
256501.152752068,243359.107231899
226677.745560449,215161.705917804
229997.80470275,214166.13429221
229997.80470275,214166.13429221
128517.970953277,274531.921536309
198362.291822587,258192.501087452
215641.87533885,251684.100245028
155489.365174322,247727.781562996
206697.76233854,241259.518819745
259327.394546804,223500.226144912
215382.239524652,269149.801722698
138313.806287778,268732.904781832
258865.167352917,266538.797844725
117547.948752481,251510.202327703
141689.59301502,242643.340664395
232432.633686001,239843.374575533
217981.803547239,236043.5949864
228276.122664133,234180.61521329
135425.156060133,227691.377787147
155468.044737717,268485.422668219
211048.26908559,264109.037739606
228561.782511794,262940.652053581
207060.085733835,252921.94664896
241533.086482634,248125.890941406
257200,238337
253918.270732354,230340.900664716
152949.504089082,223750.586959986
124264.845934509,241657.841461334
206870,221744
127206.821805547,268035.481950698
259893.534146412,261314.782587204
199325.73605291,259960.204013533
137246.795801722,273351.225491352
128148.428896365,261253.64568084
121977.139194343,259380.487983903
205092.241464173,256167.336163612
245902.49333278,246254.110566621
245902.49333278,246254.110566621
209749.015762007,239181.3464308
230361.495700953,225675.818270301
242481.26256375,217219.457804289
134878.954340389,274518.692079305
134300.570302232,274210.153229982
203937.677150689,272828.009533228
125671.157362327,269133.295618251
226263.413684856,267002.921671618
126253.438906553,266783.191614081
183304.732206582,243372.645061713
265257.771338964,234766.139305787
189778.559940132,224601.063257194
262464.915478253,220862.970909247
221736.022712485,213962.108842239
138724.765608494,270467.003573777
127008.09123369,269980.49300669
127262.288738886,260894.749464637
219874.330545,260655.397709
226854.120107445,258594.372423575
130340,273402
211291.118418018,270009.128227575
193992.83119927,265970.138027183
227950.78090601,264612.3543563
270992.301194742,262196.62981055
231478.04793983,262010.179482792
258904.2492593,260484.591471595
139362.563018293,245908.95072944
243096.807800885,244001.096836147
231790.128764146,242064.886483099
192079.30193029,223495.913992572
222968.22759391,256135.30873115
127225.105166843,268051.921955867
203102.505385658,267890.486573958
182796.543041295,247629.749794203
267185.165225138,226939.794882656
222234.227586341,215942.577997293
203081.877303274,214540.957926872
225452.415746943,261267.629461134
246260,259014
121652.279742026,254042.908483923
258547.670208974,238861.300530994
225613.061088818,237237.513970158
228550.260558518,232322.929233413
155522.538482266,272416.900840672
218113.864678664,271211.098831003
195786.269880784,268649.764451235
203931.588314076,267954.371894441
127862.688865519,261288.930958533
118966.594777431,260006.712641777
195417.247785104,255415.071163248
219556.205072076,230693.970567537
169801.958617269,225446.500234399
130030.237397697,273715.51665095
160495.931226097,268949.981436703
126901.571573165,267267.519513462
167695.411779852,267114.163334164
164413.410350093,267091.948823292
246051.731878218,259002.466429747
259570.709042712,223551.688381379
153562.95760445,220509.925957163
149694.577183224,215667.744718517
128392.036267619,273568.898360354
161705.816340797,272158.450299461
210487.242641297,270604.871765977
137678.319358961,270030.056527454
227254.193744222,267818.25952862
224411.181058106,256208.961388255
138704.793353158,254515.451845136
125632.824980532,241010.808436405
275472.820561711,239713.979749843
196657.666628253,229952.115574725
141988.910494215,227771.876688512
129409.505618531,271891.081871733
163402.402314529,266971.313740249
112918.343968423,259633.038264621
243900.089616155,256041.214695202
245447.028552316,253503.851489013
231243.920457975,242015.171046911
258502.957816329,239367.148473128
195401.897732797,223055.408980683
133509.993000754,216507.280945477
225951.87276003,268745.512844982
228200.374375924,261400.187540767
214742,233260
126819.093474384,269034.809051199
230039.274584894,231914.792354577
122530.310311682,221613.044934272
122530.310311682,221613.044934272
129579.200650051,271753.19723517
166223.999682539,268724.795816211
181528.725146206,265221.36371205
230763.865350144,261197.549921079
132727.568634559,254699.408701259
132727.5686,254699.4087
254854,245855
123510.565120354,244929.243914085
215246.602369603,244372.180023867
129375.68880525,275337.815919668
243047.388973887,264130.075118173
209054.995588794,253826.103679757
228626.814408604,213993.643616854
239717.310820834,264864.405032155
115574.27358043,256275.629348301
114641.436326907,255345.524224238
250556.152891722,238674.195287825
209201,228715
124482.50764433,273225.918933188
194010.359929513,266013.170382046
158441.113713789,257326.286301127
140660.792556078,256492.425675503
123696.207177631,255110.709811865
257033.814832395,224596.643526846
205188.164768959,252438.219715429
120753.130213092,251376.16711558
217726.36962908,233755.49331993
234319.239287214,264488.589459504
119307.810036055,260666.966038567
158198.033009777,246109.750790562
248716.403571405,239148.535598577
137663.402082415,226757.514701242
117478.230687803,253290.046535123
119899.611508856,224228.690917182
240466.402108748,216362.651322129
235084.866647419,270064.223637461
215493.382781345,269023.484723707
120166.193036206,249692.342979879
250556.152891722,238674.195287825
137803.836731315,268730.015185485
216418.971055805,268477.742784145
113527.278145088,258931.381298189
205275.037803496,219786.698862042
123383.347212719,270761.771713399
216386.862597299,268379.445708827
216386.862597299,268379.445708827
159711.743430805,267118.054143637
258163.594837971,260057.70988539
124093.652788291,242576.223195896
130225.803110796,231667.42858453
193151.898903953,232482.325759677
154398.250290395,270364.989650352
232112.964569638,267494.203687762
219546.688116141,231809.225352411
133949.887611296,273793.21227834
214121.899116143,269665.325327019
264088.499149634,256739.63581803
182241.279712037,244153.233261098
274931.233982712,241209.55991756
258405.002502146,241045.662248142
146551.125872732,223372.237840134
140409.372397233,272484.986924302
150822.863643457,270931.267861405
213897.399529892,263232.855347955
228042.338870638,233837.800476511
228814.728364339,231034.253069049
227112.971029899,228182.47620296
129927.224806364,222632.298093576
201596.494694478,272338.20277028
127149.206838395,266383.365670559
263098.688217163,236055.37135078
226751.222100326,231681.654829343
137708.650672669,270407.183664202
167278.346644437,269237.614001249
167238.665924315,269192.765971342
196236,268070
164346.959127717,266980.214388031
171134.605909568,248481.435639789
146259.374300213,272713.577859482
216405.450739068,268371.048344883
216362.274536876,268344.041932579
304971.37543833,235607.786009628
245787.285742792,267093.77801489
176145.681071718,266688.218578883
245747.475456007,262113.623464341
121534.271054759,261000.259956611
245559.209066769,244346.648650153
215297.998340744,233613.95144211
244736.803687482,263282.699778342
235756.472659403,248449.21083878
121755.242141561,245034.507929404
219889.660726361,260757.836796451
128476.801784411,237707.312281593
198923.06720124,235854.1081489
193432.795552229,227772.735464311
124697.86321256,271368.552314721
168143.140198232,228435.883010498
169206.649378502,225659.090640054
262409.888977601,220949.536542666
246619.196512866,217934.374450404
218772.832978486,218425.030702531
271047.309780237,261413.351356463
242322.064847505,260966.942031142
257604.10740691,253733.847131145
114110.953742919,258539.833653834
141427.65540499,253532.296503761
217467.051101652,269709.382831517
226284.343410077,231756.707925472
245667.07194798,243375.480401925
127243.492446723,271623.507483556
228625.776917251,264036.631534975
229149.046653381,263402.813442012
112918.343968423,259633.038264621
233753.151935778,269941.678022966
227312.132584154,265690.181300392
230142.584356141,262238.07490838
223169.02019,234169.01905
156044.463915954,222085.216824472
130193.349699838,273219.314455312
131123.358365786,258369.641076929
281009.887207006,244567.542123404
182377.032520951,216543.042213418
151310.954848915,270741.974766084
196140.186903737,268855.668430472
194943.801669764,266535.470777202
121801.870508137,261047.501469622
124568.089623576,242252.889072036
128623.614471681,273440.571893642
146076.405328113,254372.531836189
165387,271569
184994.439985091,269047.202407473
284991,252069
194802.545654125,230654.325446653
216333.231544503,217484.652428797
217993,215348
124649.805505507,270200.702658147
264645.632016961,258413.629477214
126637.92258737,250696.27380857
124128.088619416,244287.564824224
265933.812928037,234627.566946471
137592.439065146,273778.191738247
245148.891743388,258121.100326128
234826.982115329,246504.244538986
227312.293185413,214551.78776284
235007.825484493,214400.335500964
125535.323877471,271560.119122864
162920.396815142,270714.254011242
153119.380770752,268439.589569866
243102.237735726,260173.14520768
217306.26988569,232488.113170543
203831.282123775,226096.208675852
202360.800609222,243077.918810599
130583.988168707,272564.607673741
185775.617616977,271965.664328852
124391.502997855,265726.296769807
228732.713727804,265595.685778425
180943.857837101,265581.972079519
127262.288738886,260894.749464637
259727.653986401,259889.460145131
229391.485649666,258133.610328944
301404.137455432,231633.704585856
137165.479381424,268536.260363884
206047.139956846,242113.85890805
149515.777397153,271535.424585817
240497.295358446,267509.504502468
114167.978814714,255047.351638925
255895.485486712,243134.464487204
188685.544320431,266942.957584339
228607.45026671299,263358.812220519
228564.787379542,263197.793907159
202890.068627555,258132.76083306
276121.274073041,256528.875722067
255949.58186435,244832.261572148
255949.58186435,244832.261572148
255949.58186435,244832.261572148
202257.017742194,271630.443928552
214309.321731611,270004.27896315
265007.548508197,263934.769870721
263486.60941353,256351.552604374
130084.64864029,227660.887939096
166335.533587809,263861.943585821
116881,251499
136125.615730108,224938.280607701
129564.608461346,274477.110171055
214382.021560786,270876.15849702
116969.729687041,251491.110604379
141059.773480574,246809.924754765
134276.18651145,268579.341289146
160268.799456844,268488.754845383
223170.652939941,253007.862325346
123584.853641396,243966.292983988
125413.800838225,240958.041194813
306429.176165427,235724.737275792
305305.741615949,232608.67103906
144964.935128957,211209.193528179
134674.064195999,272335.011963566
226540.692024374,268971.897071447
127274.876688345,268120.321004044
134967.004906908,272054.860695636
134276.18651145,268579.341289146
134276.18651145,268579.341289146
126532.505329357,265910.333674523
123925.454331166,237231.873090521
155271.099607659,271190.430630081
189218.056071928,220934.382180218
143998.118721613,252059.395560283
149392.127117366,269688.663084801
270689.175538511,262060.193461607
124977.074662832,260362.980158012
214823.51311815,215596.748702712
157220.054874025,269595.317826352
218846,262104
257200,238337
212969,215103
131593.232094898,268544.821488281
118835.460819314,259721.665608051
251385.413175543,240375.840407614
130699.699661063,235422.62434927
128057.723095037,232637.456490325
155573.848597202,221549.159696489
126290.021937748,274039.7393554
138978.018569571,273844.886947751
165605.157191575,271482.226977353
205522.394096698,267540.366604575
221616.8598,267340.2626
218342.184077406,233731.936409153
164081.464,219834.4436
160040.53406087,272009.997430016
160040.53406087,272009.997430016
188071.327001425,265541.728897833
226115.445138304,231391.132995951
152078.037800235,250956.08232962
235776.208959821,216245.59565296
216364.741315229,270442.900091301
221803.147593204,235554.776937421
133912.342599876,217947.352505274
180551.920953382,215132.130821834
226767.171508457,268039.8918639
225931.104832365,258536.849931393
177311.523192237,217137.858800119
124598.592502733,253391.328569802
112812,256859
112812,256859
254854,245855
252564.183181252,237932.409802853
136042.217488629,227534.362449852
156092.453263638,224262.577121519
177311.523192237,217137.858800119
226642.471818941,262627.965894882
216326.930368621,232010.463847619
167557.112155357,237732.479001778
165562.389677991,271662.810891378
238600.596480538,267506.479006473
230450,266149
123683.243801305,265841.015680104
124752.650174003,271243.61528852
218841.910026335,256565.206499032
128437.034207537,273397.885757094
126855.668473408,266879.296885113
223673.993032607,260194.33869577
170446.758100033,226682.84941945
118713.053504304,259375.722094459
232443.996407738,263445.650755625
221762.158421439,259728.85218856
203331.389585,214719.179891024
134617.27030287,259265.296766033
227326.114137936,259271.149680385
153691.035253622,220236.730482506
228359.603199558,268304.59128089
236782.200193076,268181.382519375
119863.392701317,262267.114917629
205386.27368383,225288.04322655
135912.57699073,227638.791837941
231499,266748
126254.905457178,251014.647761478
139548,254584
151068.854025017,268753.047604426
225371.201251004,264737.854191603
282391.081066701,247654.432598153
128089.831391557,233505.420281059
150305.455547417,220894.589678271
240704,217854
125591.372570398,241224.174052105
234029.02924674,214856.021575842
133904.237839091,271987.270464364
188071.327001425,265541.728897833
234261.289642258,240889.693086595
258547.670208974,238861.300530994
128992.1159,232835.7221
128992.1159,232835.7221
130030.2374034,273715.51662582
133934.6139,215860.2207
133934.6139,215860.2207
125257.465428346,243454.504242478
127705.648207117,233491.977080017
231009.1239,269101.9721
227127.541399353,267680.27153428
198915.9525,265984.547
258660.353655342,239479.676819635
195547.646144349,267919.302591132
195547.646144349,267919.302591132
134827.688702339,274074.138469176
139373.564387326,272403.318811248
132139.207549687,267238.268283566
254009.54721495,262786.450826875
147674.473022494,254714.99204179
247943.273550411,246532.278163539
124098.879674395,237532.94747302
231989.634509255,235213.431101533
240518.677573491,224180.070788718
233855.511858963,246905.801904065
187448.702365695,272326.727820969
136311.518860288,271001.824252277
239554.651897918,267786.090141376
202639.75659474,267771.579186142
143367.93724595,259514.947019804
130994.965515766,245226.345821172
128202.167480253,242353.817608216
253007.908973499,240290.297934147
125060.850620091,235753.09091298
156030.60732547,223314.561522215
130605.494137474,275212.138536095
216344.296013334,270745.059186434
196236,268070
225430.74066355,263801.457345967
212810.674573608,236860.775822171
264914.604932288,234681.357148309
203663.619934849,223878.254483002
240657.676895693,217586.038308758
166322.815645673,268841.640823932
236037.649413154,268448.782371562
221104.314785158,257375.577161094
281442.13893192,255874.260014507
275867.272827109,243812.307458902
205181.596358943,219847.418656105
202899.936279658,271528.416993237
130003.695769683,269755.118586351
129968.261026493,268394.544360765
252220.580784626,247361.6307658
195520.317283744,245754.189034605
195674.434151055,230150.561790479
189358.113287171,224230.08833047
153324.781116805,270794.733908622
165804.40401748,269851.149991645
241364.703421703,262315.223697892
229408.638503799,238712.733874471
